Model	Run	General	Family
lexibank	0	95.23809523809524	89.52451198215947
lexibank	1	96.42857142857143	87.56313131313131
